product_id,size_id
1,30
1,32
1,34
1,36
1,38
1,40
2,28
2,30
2,32
2,34
2,36
2,38
3,28
3,30
3,32
3,34
3,36
3,38
3,40
4,28
4,30
4,32
4,34
4,36
4,38
4,40
5,28
5,30
5,32
5,34
5,36
5,38
6,28
6,30
6,32
6,34
6,36
6,38
7,28
7,30
7,32
7,34
7,36
7,38
7,40
8,30
8,32
8,34
8,36
8,38
9,S
9,M
9,L
9,XL
10,30
10,32
10,34
10,36
10,38
11,XS
11,S
11,M
11,L
12,30
12,32
12,34
12,36
13,30
13,32
13,34
13,36
13,38
14,30
14,32
14,34
14,36
14,38
15,S
15,M
15,L
15,XL
15,XXL
16,38
16,40
16,42
16,44
16,46
16,48
17,28
17,30
17,32
17,34
17,36
17,38
17,40
18,28
18,30
18,32
18,34
18,36
18,38
18,40
19,30
19,32
19,34
19,36
19,38
20,22
20,24
20,26
20,28
20,30
20,32
20,34
21,30
21,32
21,34
21,36
21,38
22,30
22,32
22,34
22,36
22,38
23,30
23,32
23,34
23,36
23,38
24,28
24,30
24,32
24,34
25,XS
25,S
25,M
25,L
25,XL
26,30
26,32
26,34
26,36
26,38
27,30
27,32
27,34
27,36
27,38
28,30
28,32
28,34
28,36
28,38
29,XS
29,S
29,M
29,L
29,XL
30,XXS
30,XS
30,S
30,M
30,L
30,XL
31,38
32,38
33,XXS
33,XS
33,S
33,M
33,L
33,XL
34,30
34,32
34,34
34,36
34,38
35,30
35,32
35,34
35,36
35,38
36,30
36,32
36,34
36,36
36,38
37,30
37,32
37,34
37,36
37,38
38,30
38,32
38,34
38,36
38,38
39,30
39,32
39,34
39,36
39,38
40,30
40,32
40,34
41,S
41,M
41,L
41,XL
41,XXL
42,30
42,32
42,34
42,36
42,38
43,XS
43,S
43,M
43,L
43,XL
44,28
44,30
44,31
44,33
44,34
44,36
45,XS
45,S
45,M
45,L
45,XL
46,XS
46,S
46,M
46,L
46,XL
47,38
48,S
48,M
48,L
48,XL
49,38
49,40
49,42
49,44
49,46
50,38
50,40
50,42
50,44
50,46
51,38
51,40
51,42
51,44
51,46
52,Onesize
53,XS
53,S
53,M
53,L
53,XL
54,30
54,32
54,34
54,36
54,38
55,38
55,40
55,42
55,44
55,46
56,30
56,32
56,34
56,36
56,38
57,30
57,32
57,34
57,36
57,38
58,38
58,40
58,42
58,44
59,30
59,32
59,34
59,36
59,38
60,30
60,32
60,34
60,36
60,38
61,38
61,40
61,42
61,44
61,46
62,30
62,32
62,34
62,36
62,38
63,38
63,40
63,42
63,44
63,46
64,30
64,32
64,34
64,36
64,38
65,30
65,32
65,34
65,36
65,38
66,30
66,32
66,34
66,36
66,38
67,38
67,40
67,42
67,44
67,46
68,30
68,32
68,34
68,36
68,38
68,40
69,30
69,32
69,34
69,36
69,38
69,40
70,XS
70,S
70,M
70,L
70,XL
71,XS
71,S
71,M
71,L
71,XL
72,24
72,25
72,26
72,28
72,30
72,32
72,34
72,36
73,XS
73,S
73,M
73,L
73,XL
74,S
74,M
74,L
74,XL
75,XS
75,S
75,M
75,L
75,XL
75,XXL
76,28
76,29
76,30
76,31
76,32
76,33
76,34
76,36
77,XS
77,S
77,M
77,L
77,XL
77,XXL
78,38
78,40
78,42
78,44
78,46
79,36
79,38
79,40
79,42
79,44
79,46
80,S
80,M
80,L
80,XL
80,XXL
81,S
81,M
81,L
81,XL
81,XXL
82,S
82,M
82,L
82,XL
82,XXL
83,S
83,M
83,L
83,XL
83,XXL
84,S
84,M
84,L
84,XL
84,XXL
85,S
85,M
85,L
85,XL
85,XXL
86,S
86,M
86,L
86,XL
86,XXL
87,S
87,M
87,L
87,XL
87,XXL
88,S
88,M
88,L
88,XL
88,XXL
89,S
89,M
89,L
89,XL
89,XXL
90,XS
90,S
90,M
90,L
90,XL
91,S
91,M
91,L
91,XL
91,XXL
92,S
92,M
92,L
92,XL
92,XXL
93,S
93,M
93,L
93,XL
93,XXL
94,S
94,M
94,L
94,XL
94,XXL
95,S
95,M
95,L
95,XL
95,XXL
96,S
96,M
96,L
96,XL
96,XXL
97,S
97,M
97,L
97,XL
97,XXL
98,S
98,M
98,L
98,XL
98,XXL
99,S
99,M
99,L
99,XL
99,XXL
100,S
100,M
100,L
100,XL
100,XXL
101,XS
101,S
101,M
101,L
101,XL
102,XXS
102,XS
102,S
102,M
102,L
102,XL
103,XXS
103,XS
103,S
103,M
103,L
103,XL
104,XS
104,S
104,M
104,L
104,XL
104,XXL
105,XS
105,S
105,M
105,L
105,XL
106,28
106,31
106,33
106,37
106,41
107,28
107,30
107,31
107,33
107,34
107,36
107,38
108,XS
109,XS
109,S
109,M
109,L
110,XS
110,S
110,M
110,L
110,XL
111,S
111,M
111,L
111,XL
111,XXL
112,S
112,M
112,L
112,XL
112,XXL
113,S
113,M
113,L
113,XL
113,XXL
114,XS
114,S
114,M
114,L
114,XL
115,S
115,M
115,L
115,XL
115,XXL
116,30
116,32
116,34
116,36
116,38
117,XS
117,S
117,M
117,L
117,XL
117,XXL
118,XS
118,S
118,M
118,L
118,XL
119,XS
119,S
119,M
119,L
119,XL
120,XS
120,S
120,M
120,L
120,XL
121,XS
121,S
121,M
121,L
121,XL
122,XS
122,S
122,M
122,L
122,XL
123,XS
123,S
123,M
123,L
123,XL
123,XXL
124,25
124,28
124,31
124,34
125,28
125,30
125,31
125,33
125,34
125,36
125,38
126,XS
126,S
126,M
126,L
126,XL
127,28
127,29
127,30
127,31
127,32
127,33
127,34
128,XS
128,S
128,M
128,L
128,XL
129,S
129,M
129,L
129,XL
129,XXL
130,XS
130,S
130,M
130,L
130,XL
131,XS
131,S
131,M
131,L
131,XL
132,XS
132,S
132,M
132,L
132,XL
133,XS
133,S
133,M
133,L
133,XL
134,XS
134,S
134,M
134,L
134,XL
135,XS
135,S
135,M
135,L
135,XL
136,XS
136,S
136,M
136,L
136,XL
137,XS
137,S
137,M
137,L
137,XL
138,4
138,6
138,8
138,10
138,14
138,12
138,18
138,16
139,XS
139,S
139,M
139,L
139,XL
140,XS
140,S
140,M
140,L
140,XL
141,XS
141,S
141,M
141,L
141,XL
142,30
142,32
142,34
142,36
142,38
143,30
143,32
143,34
143,36
143,38
144,30
144,32
144,34
144,36
144,38
145,30
145,32
145,34
145,36
145,38
146,30
146,32
146,34
146,36
146,38
147,30
147,32
147,34
147,36
147,38
148,S
148,M
148,L
148,XL
148,XXL
148,3XL
149,38
149,40
149,42
149,44
149,46
149,48
150,38
150,40
150,42
150,44
150,46
150,48
151,38
151,40
151,42
151,44
151,46
151,48
152,38
152,40
152,42
152,44
152,46
152,48
153,38
153,40
153,42
153,44
153,46
153,48
154,38
154,40
154,42
154,44
154,46
154,48
155,38
155,40
155,42
155,44
155,46
155,48
156,XS
156,S
156,M
156,L
156,XL
157,XS
157,S
157,M
157,L
157,XL
158,XS
158,S
158,M
158,L
158,XL
159,38
159,40
159,42
159,44
159,46
160,38
160,40
160,42
160,44
160,46
161,XS
161,S
161,M
161,L
161,XL
161,XXL
162,XS
162,S
162,M
162,L
162,XL
163,XS
163,S
163,M
163,L
163,XL
164,38
164,40
164,42
164,44
164,46
164,48
165,38
165,40
165,42
165,44
165,46
165,48
166,28
166,30
166,32
166,34
166,36
166,38
166,40
166,42
167,28
167,30
167,32
167,34
167,36
167,38
167,40
167,42
168,28
168,30
168,32
168,34
168,36
168,38
168,40
168,42
169,38
169,40
169,42
169,44
169,46
169,48
170,38
170,40
170,42
170,44
170,46
170,48
171,XS
171,S
171,M
171,L
171,XL
171,XXL
171,3XL
172,XS
172,S
172,M
172,L
172,XL
172,XXL
172,3XL
173,28
173,30
173,32
173,34
173,36
173,38
173,40
173,42
174,28
174,30
174,32
174,34
174,36
174,38
174,40
174,42
175,28
175,30
175,32
175,34
175,36
175,38
175,40
175,42
176,XS
176,S
176,M
176,L
176,XL
177,XS
177,S
177,M
177,L
177,XL
178,S
178,M
178,L
178,XL
178,XXL
179,XS
179,S
179,M
179,L
179,XL
180,38
180,40
180,42
180,44
180,46
180,48
181,38
181,40
181,42
181,44
181,46
181,48
182,38
183,28
183,31
183,33
183,37
183,41
183,44
184,28
184,31
184,33
184,37
184,41
184,44
185,28
185,30
185,32
185,34
185,36
185,38
186,44
186,48
187,28
187,30
187,32
187,34
187,36
187,38
188,S
188,M
188,L
188,XL
188,XXL
189,28
189,30
189,32
189,34
189,36
189,38
190,Onesize
191,28
191,30
191,32
191,34
191,36
191,38
191,40
191,42
192,38
192,40
192,42
192,44
192,46
193,38
193,40
193,42
193,44
193,46
194,38
194,40
194,42
194,44
194,46
195,38
195,40
195,42
195,44
195,46
196,38
196,40
196,42
196,44
196,46
197,28
197,30
197,32
197,34
197,36
197,38
197,40
197,42
198,28
198,30
198,32
198,34
198,36
198,38
198,40
198,42
199,28
199,30
199,32
199,34
199,36
199,38
199,40
199,42
200,28
200,30
200,32
200,34
200,36
200,38
200,40
200,42
201,28
201,30
201,32
201,34
201,36
201,38
201,40
201,42
202,28
202,30
202,32
202,34
202,36
202,38
202,40
202,42
203,S
203,M
203,L
203,XL
203,XXL
203,3XL
204,XS
204,S
204,M
204,L
204,XL
204,XXL
205,XS
205,S
205,M
205,L
205,XL
205,XXL
206,XS
206,S
206,M
206,L
206,XL
206,XXL
207,32
207,34
207,36
207,38
207,40
208,XS
208,S
208,M
208,L
208,XL
209,XS
209,S
209,M
209,L
209,XL
209,XXL
210,S
210,M
210,L
210,XL
210,XXL
210,3XL
211,38
211,40
211,42
211,44
211,46
211,48
212,38
212,40
212,42
212,44
212,46
213,38
213,40
213,42
213,44
213,46
214,38
214,40
214,42
214,44
214,46
214,48
215,S
215,M
215,XL
215,XXL
216,28
216,30
216,32
216,34
216,36
216,38
216,40
216,42
217,XS
217,S
217,M
217,L
217,XL
217,XXL
218,XS
218,S
218,M
218,L
218,XL
218,XXL
219,28
219,30
219,32
219,34
219,36
219,38
219,40
220,XS
220,S
220,M
220,L
220,XL
220,XXL
220,3XL
221,XS
221,S
221,M
221,L
221,XL
221,XXL
221,3XL
222,XS
222,S
222,M
222,L
222,XL
223,XS
223,S
223,M
223,L
223,XL
224,XS
224,S
224,M
224,L
225,XS
225,S
225,M
225,L
225,XL
226,28
226,30
226,32
226,34
226,36
226,38
227,XS
227,S
227,M
227,L
227,XL
227,XXL
227,3XL
228,XS
228,S
228,M
228,L
228,XL
228,XXL
228,3XL
229,23
229,25
229,27
229,29
229,31
229,33
229,35
230,XS
230,S
230,M
230,L
230,XL
231,XS
231,S
231,M
231,L
231,XL
232,4
232,6
232,10
232,8
232,14
232,12
232,18
232,16
233,XS
233,S
233,M
233,L
233,XL
234,XS
234,S
234,M
234,L
234,XL
234,XXL
234,3XL
235,XS
235,S
235,M
235,L
235,XL
235,XXL
235,3XL
236,28
237,25
237,28
237,31
237,34
237,39
238,28
238,30
238,32
238,34
238,36
238,38
238,40
238,42
238,44
239,28
239,30
239,32
239,34
239,36
239,38
239,40
239,42
239,44
240,28
240,30
240,32
240,34
240,36
240,38
240,40
240,42
240,44
241,28
241,30
241,32
241,34
241,36
241,38
241,40
241,42
241,44
242,28
242,30
242,32
242,34
242,36
242,38
242,40
242,42
242,44
243,S
243,M
243,L
243,XL
243,XXL
244,XS
244,S
244,M
244,L
244,XL
245,XS
245,S
245,M
245,L
245,XL
246,XS
246,S
246,M
246,L
246,XL
247,XXL
248,XS
248,S
248,M
248,L
248,XL
248,XXL
249,XS
249,S
249,M
249,L
249,XL
249,XXL
250,S
250,M
250,L
250,XL
250,XXL
251,S
251,M
251,L
251,XL
251,XXL
252,S
252,M
252,L
252,XL
252,XXL
253,S
253,M
253,L
253,XL
253,XXL
254,S
254,M
254,L
254,XL
254,XXL
254,3XL
255,S
255,M
255,L
255,XL
255,XXL
255,3XL
256,S
256,M
256,L
256,XL
256,XXL
256,3XL
257,S
257,M
257,L
257,XL
257,XXL
257,3XL
258,S
258,M
258,L
258,XL
258,XXL
258,3XL
259,S
259,M
259,L
259,XL
259,XXL
259,3XL
260,S
260,M
260,L
260,XL
260,XXL
260,3XL
261,S
261,M
261,L
261,XL
261,XXL
261,3XL
262,S
262,M
262,L
262,XL
262,XXL
262,3XL
263,S
263,M
263,L
263,XL
263,XXL
263,3XL
264,S
264,M
264,L
264,XL
264,XXL
264,3XL
265,S
265,M
265,L
265,XL
265,XXL
265,3XL
266,S
266,M
266,L
266,XL
266,XXL
266,3XL
267,S
267,M
267,L
267,XL
267,XXL
267,3XL
268,S
268,M
268,L
268,XL
268,XXL
268,3XL
269,S
269,M
269,L
269,XL
269,XXL
269,3XL
270,S
270,M
270,L
270,XL
270,XXL
270,3XL
271,28
271,30
271,32
271,34
271,36
271,38
271,40
271,42
271,44
272,S
272,M
272,L
272,XL
272,XXL
272,3XL
273,28
273,30
273,32
273,34
273,36
273,38
273,40
273,42
273,44
274,28
274,30
274,32
274,34
274,36
274,38
274,40
274,42
274,44
275,S
275,M
275,L
275,XL
275,XXL
275,3XL
276,28
276,30
276,32
276,34
276,36
276,38
276,40
276,42
276,44
277,S
277,M
277,L
277,XL
277,XXL
277,3XL
278,28
278,30
278,32
278,34
278,36
278,38
278,40
278,42
278,44
279,S
279,M
279,L
279,XL
279,XXL
279,3XL
280,28
280,30
280,32
280,34
280,36
280,38
280,40
280,42
280,44
281,S
281,M
281,L
281,XL
281,XXL
281,3XL
282,28
282,30
282,32
282,34
282,36
282,38
282,40
282,42
282,44
283,28
283,30
283,32
283,34
283,36
283,38
283,40
283,42
283,44
284,28
284,30
284,32
284,34
284,36
284,38
284,40
284,42
284,44
285,28
285,30
285,32
285,34
285,36
285,38
286,S
286,M
286,L
286,XL
286,XXL
287,XS
287,S
287,M
287,L
287,XL
287,XXL
288,XS
288,S
288,M
288,L
288,XL
288,XXL
289,23
289,25
289,27
289,28
289,30
289,31
289,33
289,34
290,S
290,M
290,L
290,XL
290,XXL
290,3XL
291,4
291,6
291,10
291,8
291,14
291,12
291,18
291,16
292,XS
292,S
292,M
292,L
292,XL
292,XXL
293,UK5
293,UK7.5
294,XS
294,S
294,M
294,L
294,XL
295,XS
295,S
295,M
295,L
295,XL
296,XS
296,S
296,M
296,L
296,XL
297,XS
297,S
297,M
297,L
297,XL
298,28
298,30
298,32
298,34
298,36
298,38
298,40
298,42
299,28
299,30
299,32
299,34
299,36
299,38
299,40
299,42
300,28
300,30
300,32
300,34
300,36
300,38
300,40
300,42
300,44
301,28
301,30
301,32
301,34
301,36
301,38
301,40
301,42
302,28
302,30
302,32
302,34
302,36
302,38
302,40
302,42
302,44
303,S
303,M
303,L
303,XL
303,XXL
303,3XL
304,S
304,M
304,L
304,XL
304,XXL
304,3XL
305,S
305,M
305,L
305,XL
305,XXL
305,3XL
306,28
306,30
306,32
306,34
306,36
306,38
306,40
306,42
306,44
307,28
307,30
307,32
307,34
307,36
307,38
307,40
307,42
307,44
308,28
308,30
308,32
308,34
308,36
308,38
308,40
308,42
308,44
309,28
309,30
309,32
309,34
309,36
309,38
309,40
309,42
310,28
310,30
310,32
310,34
310,36
310,38
310,40
310,42
311,28
311,30
311,32
311,34
311,36
311,38
311,40
311,42
312,28
312,30
312,32
312,34
312,36
312,38
312,40
312,42
313,XS
313,S
313,M
313,L
313,XL
314,XS
314,S
314,M
314,L
314,XL
315,XS
315,S
315,M
315,L
315,XL
316,XS
316,S
316,M
316,L
316,XL
317,XS
317,S
317,M
317,L
317,XL
318,28
318,30
318,32
318,34
318,36
318,38
318,40
319,28
319,30
319,32
319,34
319,36
319,38
319,40
320,28
320,30
320,32
320,34
320,36
320,38
321,28
321,30
321,32
321,34
321,36
321,38
321,40
322,28
322,30
322,32
322,34
322,36
322,38
322,40
323,28
323,30
323,32
323,34
323,36
323,38
323,40
324,28
324,30
324,32
324,34
324,36
324,38
324,40
325,28
325,30
325,32
325,34
325,36
325,38
325,40
326,28
326,30
326,32
326,34
326,36
326,38
326,40
327,XS
327,S
327,M
327,L
327,XL
328,23
328,25
328,27
328,29
328,31
328,33
328,35
329,25
329,28
329,31
329,34
329,39
330,25
330,28
330,31
330,34
330,39
331,28
331,29
331,30
331,31
331,32
331,33
331,34
331,36
331,38
331,40
332,XS
332,S
332,M
332,L
332,XL
333,XS
333,S
333,M
333,L
333,XL
334,S
334,M
334,L
334,XL
334,XXL
335,28
335,30
335,32
335,34
335,36
335,40
336,28
336,30
336,32
336,34
336,36
336,40
337,XS
337,S
337,M
337,L
337,XL
338,XS
338,S
338,M
338,L
338,XL
339,XS
339,S
339,M
339,L
339,XL
340,XS
340,S
340,M
340,L
340,XL
341,XS
341,S
341,M
341,L
341,XL
342,4
342,6
342,10
342,8
342,12
342,14
342,16
342,18
343,4
343,6
343,10
343,8
343,12
343,14
343,16
343,18
344,XS
344,S
344,M
344,L
345,XS
345,S
345,M
345,L
345,XL
346,XS
346,S
346,M
346,L
346,XL
347,XS
347,S
347,M
347,L
348,XS
348,S
348,M
348,L
348,XL
349,23
349,25
349,27
349,28
349,30
349,31
349,33
349,34
350,XS
350,S
350,M
350,L
350,XL
351,XS
351,S
351,M
351,L
351,XL
352,XS
352,S
352,M
352,L
352,XL
353,XXS
353,XS
353,S
353,M
353,L
354,XS
354,S
354,M
354,L
354,XL
354,XXL
355,XXS
355,XS
355,S
355,M
355,L
355,XL
355,XXL
356,XS
356,S
356,M
356,L
356,XL
357,XS
357,S
357,M
357,L
357,XL
358,XS
358,S
358,M
358,L
358,XL
359,XS
359,S
359,M
359,L
359,XL
360,23
360,25
360,27
360,28
360,30
360,31
360,33
360,34
361,23
361,25
361,27
361,28
361,30
361,31
361,33
361,34
362,XXS
362,XS
362,S
362,M
362,L
362,XL
363,XXS
363,XS
363,S
363,M
363,L
364,XXS
364,XS
364,S
364,M
364,L
365,XS
365,S
365,M
365,L
365,XL
366,S
366,M
366,L
366,XL
366,XXL
367,XS
367,S
367,M
367,L
367,XL
368,3XS
368,XXS
368,XS
368,S
368,M
368,L
368,XL
369,XS
369,S
369,M
369,L
369,XL
370,3XS
370,XXS
370,XS
370,S
370,M
370,L
370,XL
371,3XS
371,XXS
371,XS
371,S
371,M
371,L
371,XL
372,XXS
372,XS
372,S
372,M
372,L
373,3XS
373,XXS
373,XS
373,S
373,M
373,L
373,XL
374,XXL
375,XL
376,M
377,L
378,XXS
378,XS
378,S
378,M
378,L
378,XL
378,XXL
379,XS
379,S
379,M
379,L
379,XL
379,XXL
379,3XL
379,4XL
380,XS
380,S
380,M
380,L
380,XL
380,XXL
380,3XL
380,4XL
381,23
381,25
381,27
381,28
381,30
381,31
381,33
381,34
382,28
382,31
382,34
382,38
382,41
383,28
383,31
383,34
383,38
383,41
384,23
384,25
384,27
384,29
384,31
384,33
384,35
385,3XS
385,XXS
385,XS
385,S
385,M
385,L
385,XL
386,23
386,25
386,27
386,29
386,31
386,33
386,35
387,XXS
387,XS
387,S
387,M
387,L
387,XL
387,XXL
388,3XS
388,XXS
388,XS
388,S
388,M
388,L
388,XL
389,3XS
389,XXS
389,XS
389,S
389,M
389,L
389,XL
390,XXS
390,XS
390,S
390,M
390,L
390,XL
390,XXL
391,23
391,25
391,27
391,29
391,31
391,33
391,35
392,23
392,25
392,27
392,29
392,31
392,33
392,35
393,XS
393,S
393,M
393,L
393,XL
394,XS
394,S
394,M
394,L
394,XL
395,XXS
395,XS
395,S
395,M
395,L
395,XL
395,XXL
396,XXS
396,XS
396,S
396,M
396,L
396,XL
396,XXL
397,S
397,M
397,L
397,XL
397,XXL
398,XS
398,S
398,M
398,L
398,XL
399,23
399,25
399,27
399,29
399,31
399,33
399,35
400,23
400,25
400,27
400,29
400,31
400,33
400,35
401,23
401,25
401,27
401,29
401,31
401,33
401,35
402,24
402,26
402,28
402,30
402,32
402,34
403,24
403,26
403,28
403,30
403,32
403,34
404,XS
404,S
404,M
404,L
404,XL
404,XXL
405,XS
405,S
405,M
405,L
405,XL
405,XXL
406,XS
406,S
406,M
406,L
406,XL
406,XXL
407,XXS
407,XS
407,S
407,M
407,L
407,XL
408,XS
408,S
408,M
408,L
408,XL
408,XXL
409,XXS
409,XS
409,S
409,M
409,L
409,XL
410,XXS
410,XS
410,S
410,M
410,L
410,XL
411,XXS
411,XS
411,S
411,M
411,L
411,XL
412,XXS
412,XS
412,S
412,M
412,L
412,XL
413,XXS
413,XS
413,S
413,M
413,L
413,XL
414,26
414,28
414,30
414,32
414,34
414,36
415,XXS
415,XS
415,S
415,M
415,L
415,XL
416,XXS
416,XS
416,S
416,M
416,L
416,XL
417,XXS
417,XS
417,S
417,M
417,L
417,XL
418,30
418,32
418,34
418,36
418,38
419,30
419,32
419,34
419,36
419,38
420,30
420,32
420,34
420,36
420,38
421,30
421,32
421,34
421,36
421,38
422,30
422,32
422,34
422,36
422,38
423,30
423,32
423,34
423,36
423,38
424,30
424,32
424,34
424,36
424,38
425,30
425,32
425,34
425,36
425,38
426,28
426,30
426,32
426,34
426,36
427,XS
427,S
427,M
427,L
427,XL
427,XXL
428,S
428,M
428,L
428,XL
428,XXL
429,23
429,25
429,27
429,29
429,31
429,33
429,35
430,23
430,25
430,27
430,29
430,31
430,33
430,35
430,37
431,23
431,25
431,27
431,29
431,31
431,33
431,35
432,23
432,25
432,27
432,29
432,31
432,33
432,35
433,23
433,25
433,27
433,29
433,31
433,33
433,35
434,30
434,32
434,34
434,36
434,38
435,30
435,32
435,34
435,36
435,40
436,30
436,32
436,34
436,36
436,40
437,30
437,32
437,34
437,36
437,38
438,30
438,32
438,34
438,36
438,40
439,23
439,25
439,27
439,29
439,31
439,33
439,35
440,24
440,25
440,26
440,28
440,30
440,31
440,33
440,34
441,23
441,25
441,27
441,29
441,31
441,33
441,35
442,23
442,25
442,27
442,29
442,31
442,33
442,35
443,23
443,25
443,27
443,29
443,31
443,33
443,35
443,37
444,23
444,25
444,27
444,29
444,31
444,33
444,35
445,23
445,25
445,27
445,29
445,31
445,33
445,35
446,23
446,25
446,27
446,29
446,31
446,33
446,35
447,23
447,25
447,27
447,29
447,31
447,33
447,35
448,23
448,25
448,27
448,29
448,31
448,33
448,35
449,XXS
449,XS
449,S
449,M
449,L
449,XL
449,XXL
450,23
450,25
450,27
450,29
450,31
450,33
450,35
450,37
451,23
451,25
451,27
451,29
451,31
451,33
451,35
452,23
452,25
452,27
452,29
452,31
452,33
452,35
453,23
453,25
453,27
453,29
453,31
453,33
453,35
454,23
454,25
454,27
454,29
454,31
454,33
454,35
455,23
455,25
455,27
455,29
455,31
455,33
455,35
456,XS
456,S
456,M
456,L
456,XL
456,XXL
456,3XL
457,S
457,M
457,L
457,XL
457,XXL
457,3XL
457,4XL
457,5XL
458,30
458,32
458,34
458,36
458,38
459,30
459,32
459,34
459,36
459,38
460,30
460,32
460,34
460,36
460,38
461,30
461,32
461,34
461,36
461,38
462,30
462,32
462,34
462,36
462,38
463,23
463,25
463,27
463,29
463,31
463,33
463,35
464,28
464,30
464,32
464,34
464,36
464,38
464,40
464,42
465,28
465,30
465,32
465,34
465,36
465,38
465,40
465,42
466,28
466,30
466,32
466,34
466,36
466,38
466,40
466,42
467,28
467,30
467,32
467,34
467,36
467,38
467,40
467,42
468,28
468,30
468,32
468,34
468,36
468,38
468,40
468,42
469,28
469,30
469,32
469,34
469,36
469,38
469,40
469,42
470,28
470,30
470,32
470,34
470,36
470,38
470,40
470,42
471,28
471,30
471,32
471,34
471,36
471,38
471,40
471,42
472,28
472,30
472,32
472,34
472,36
472,38
472,40
472,42
473,28
473,30
473,32
473,34
473,36
473,38
473,40
473,42
474,28
474,30
474,32
474,34
474,36
474,38
474,40
474,42
475,XS
475,S
475,M
475,L
475,XL
476,XS
476,S
476,M
476,L
476,XL
477,XS
477,S
477,M
477,L
477,XL
478,XS
478,S
478,M
478,L
478,XL
479,XS
479,S
479,M
479,L
479,XL
479,XXL
480,28
480,29
480,30
480,31
480,32
480,33
480,34
480,36
480,38
480,40
481,46
482,XS
482,S
482,M
482,L
482,XL
483,XS
483,S
483,M
483,L
483,XL
484,S
484,M
484,L
484,XL
485,29
485,31
485,33
485,35
485,37
486,29
486,31
486,33
486,35
486,37
487,29
487,31
487,33
487,35
487,37
488,XS
488,S
488,M
488,L
488,XL
489,XS
489,S
489,M
489,L
489,XL
489,XXL
490,XS
490,S
490,M
490,L
490,XL
491,XS
491,S
491,M
491,L
491,XL
492,XS
492,S
492,M
492,L
492,XL
493,25
493,28
493,31
493,34
493,41
494,25
494,28
494,31
494,34
494,39
495,24
495,25
495,26
495,28
495,30
495,31
495,33
495,34
496,24
496,25
496,26
496,28
496,30
496,31
496,33
496,34
497,XS
497,S
497,M
497,L
497,XL
497,XXL
498,XS
498,S
498,M
498,L
498,XL
499,L
499,XL
499,XXL
499,3XL
499,4XL
500,L
500,XL
500,XXL
500,3XL
500,4XL
501,XS
501,S
501,M
501,L
501,XL
502,XS
502,S
502,M
502,L
502,XL
503,XS
503,S
503,M
503,L
503,XL
504,XS
504,S
504,M
504,L
504,XL
505,XS
505,S
505,M
505,L
505,XL
506,XS
506,S
506,M
506,L
506,XL
507,XS
507,S
507,M
507,L
507,XL
508,33
508,35
508,37
508,40
508,43
508,44
509,33
509,35
509,37
509,40
509,43
509,44
510,XS
510,S
510,M
510,L
510,XL
511,XS
511,S
511,M
511,L
511,XL
512,XS
512,S
512,M
512,L
512,XL
513,29
513,31
513,33
513,35
513,37
513,39
514,XS
514,S
514,M
514,L
514,XL
515,XS
515,S
515,M
515,L
515,XL
516,XS
516,S
516,M
516,L
516,XL
517,XS
517,S
517,M
517,L
517,XL
518,S
518,M
518,L
519,23
519,25
519,27
519,28
519,30
519,31
519,33
520,23
520,25
520,27
520,29
520,31
520,33
520,35
521,XXS
521,XS
521,S
521,M
521,L
521,XL
521,XXL
522,XXS
522,XS
522,S
522,M
522,L
523,XXS
523,XS
523,S
523,M
523,L
523,XL
524,XS
524,S
524,M
524,L
524,XL
525,23
525,25
525,27
525,28
525,30
525,31
525,33
525,34
526,XXS
526,XS
526,S
526,M
526,L
526,XL
527,XXS
527,XS
527,S
527,M
527,L
527,XL
528,27
528,28
528,30
528,31
528,32
528,33
528,34
529,28
529,30
529,32
529,34
529,36
530,28
530,30
530,32
530,34
530,36
531,28
531,30
531,32
531,34
531,36
532,28
532,30
532,32
532,34
532,36
533,XS
533,S
533,M
533,L
533,XL
534,XS
534,S
534,M
534,L
534,XL
535,XS
535,S
535,M
535,L
535,XL
535,XXL
535,3XL
535,4XL
536,XS
536,S
536,M
536,L
536,XL
537,XS
537,S
537,M
537,L
537,XL
538,XS
538,S
538,M
538,L
538,XL
539,XS
539,S
539,M
539,L
539,XL
540,XS
540,S
540,M
540,L
540,XL
